x1,x2,x3,x4,x5,y
21.837204419283545,-16.28971421601292,-9.248310034852299,10.580881398499107,-8.143352346431149,-0.17255115486122197
-4.115585619722715,-7.882128895591243,14.08547559684074,-0.720429081640138,12.55251472924187,-32.441507975946664
-5.784963228456212,7.974902492313063,-2.6368707660120867,1.9249368549538746,-4.288570410244844,13.068933371592054
-2.596590621669076,-0.9128305053566811,2.5019795844035797,7.835514266294464,-9.52353873180565,-53.963236345571886
-13.216550856107556,12.611309221644548,20.403166921221853,9.618404054928103,13.086882607455316,36.585667946408186
-3.717392975534392,6.1597541354697025,4.338666115887293,1.7484883497178219,-8.495056039615825,-14.956326798945353
-16.19495936354687,12.434330939582704,7.813188282417817,-6.587588614889103,3.5318629520252163,16.568490117680042
-4.563040611108978,9.304118455611395,5.302604253722791,15.502086771286876,1.3025670870206876,-0.588909043483099
-0.8143372749047748,0.4253287085165781,27.995239467496773,6.89504994012276,1.124598422085325,-51.118736822097276
9.053425169086108,-2.3335567332422906,3.582550516744215,10.175609783689143,-25.847444565031196,-44.276734414068216
-13.208782026430182,-12.429549232843797,-3.3728940152210525,-3.490213987560286,4.565150330592349,3.1229896995560367
6.720997703096861,14.744170911094724,-3.172917182312323,-3.9206572193581275,-4.726700294822494,56.88238152693954
-8.93321859281974,2.007039595370748,-12.188532286696955,11.548885136746236,2.6705862153195694,24.60512290395181
8.194827712343868,16.21035685907448,-22.66939144042418,-1.3316789221533605,-5.976836016558757,121.78157085343241
4.632771623936812,8.42539427492159,4.315779114806838,1.3670684306070888,-1.6781560968707177,11.838886600799876
9.282006927338127,0.2924421765449897,16.978650286839553,-5.079373256085457,18.283161659407035,-47.472593513850995
-11.813490020740327,2.740081267463048,0.8043318485249762,-7.0215247341677305,-13.538196212119109,22.673750791453173
9.313315693596264,0.009773892398678992,9.560485664830681,17.850182503716663,6.771561756280498,-43.66453674294729
9.634041650636885,-3.7852361718104466,14.295587519173887,15.3227307592052,5.7192283215972015,-18.916503823515782
-2.17232618149579,0.5431798422491919,1.5599758609289247,4.678095443614187,-0.056001393661616015,-28.21002143470563
-2.8638538056721257,-1.665615448685068,0.05905979926915734,12.284177949731912,-9.277937113835847,2.065136919565157
-19.3486560893721,-15.15705860165893,2.278085562601052,2.809105005027834,11.747785435866376,-48.77147450329508
24.86085020750724,-1.6033881392541802,10.626969729133023,-5.773168035919877,11.059205165045181,3.8610315615771302
2.8774239521572342,-11.91776131993568,3.298426269114848,5.260697073537158,3.9047340871482747,-44.56176702664405
-2.7163724097748148,14.787594988053208,11.453573071871105,6.940119626496983,-6.907834489348241,6.015729971685316
-3.872077366758404,8.275402706560829,17.116609032146606,10.380375161710553,-1.7532418558561704,-9.278460508071246
1.6556240286692938,12.4305298192177,-12.906545948871745,-13.964066555439379,10.57770464726677,64.49711969525404
1.44805394283558,-9.326474800235674,-1.8161843552734758,-3.4255620883382694,5.118394036800131,-35.28056618313268
-1.169712746724452,4.43515218427292,15.920204890662568,2.0000450731823864,-0.9788445349925454,-20.820436554240715
-5.0484925088004475,-4.677752956240507,-1.0015917937291328,10.283306884703832,7.959715261946323,-18.431301404709895
-14.722364678292141,18.802631060530214,-5.437152464211841,-5.40788857164891,-1.6647178784796213,112.48416480591197
20.620633871003925,6.431945337132562,2.3365844536727294,-5.7978103860342785,1.82477351568701,33.91457925407695
22.81682859867609,8.743269247635027,-4.408599787703132,-3.4171711310376662,6.069276754381422,54.417592257509256
9.646459921940494,-11.46995951710264,3.911446442976694,7.232818431864551,12.611001766527659,-10.021821775532157
-12.043836956166452,23.070865300814418,-4.054100174264041,-4.380921870219071,-4.998967776790683,106.86863730848941
5.876468396536647,-9.265415942366742,17.36982224402997,-4.5954954750672865,1.2582196813226099,-67.87083087509419
-11.19946569666631,-5.218869544795318,-20.134300523074234,-0.28708399552321784,-1.0314245756045763,14.855626916796453
-17.61313157311081,-1.8516672021871816,5.040768212246709,13.54566764584036,-9.079522034831507,-44.86080884369892
-18.180445887604737,-1.2273289695541043,17.944860170295623,-3.2050951349092265,-4.712755193759503,-29.7245693648733
10.840724274617004,-3.792232757502017,-3.6227388431832503,-6.810706676028541,1.1520778357099617,26.66849758503107
-0.17574698980016376,1.6263515578167493,1.0286154020527016,-15.574807195447447,6.488469453773529,22.654841766888925
-13.922764362215363,-3.0065674969132488,12.514152999637403,5.953895565301633,15.321194494089973,-54.92157007371856
-4.797427791406262,-5.550701713386531,11.756248405802818,1.504690426078281,20.770090791481937,-31.434185836867666
-9.205180351443191,7.333016955003863,6.36084384463523,11.913156415503037,6.239281257844168,29.084539481529557
7.10681174935173,1.7594856160659926,9.87199201908642,-4.631470123155622,9.3411732712688,32.29939334637417
18.87001131066519,-6.898066078289436,7.169172133434307,4.424761194720129,-9.315108631513743,-19.60361134828221
1.1266588034477105,9.070422622058512,7.727500390314809,-8.60429082464025,2.8262205729172867,30.11615947328658
4.798943614079208,9.247609223669714,0.57411345133773,-5.565917431877235,11.223456942738618,60.40538607897528
-10.715329662258767,-6.342603165793063,7.7212951528578255,3.3299833748136405,1.5186976913679096,-34.00263549422286
-8.000355990878763,9.167467010435738,5.784624302421033,19.545905197344936,7.0035771787842505,37.70079264152486
-13.837410115960227,1.0524326105808148,-0.886615273698155,-1.5683869431845943,-1.9888683683172326,-43.20626996948374
1.6476731075355697,-7.39111378481457,-15.89668599472204,4.0837408148300955,10.947519148794685,32.09943471578603
4.603239226298264,2.9521594428855864,-7.685010027289887,8.624625806951268,-19.68149162283681,29.39812463556496
20.358269365383713,-5.539141750490377,7.135117146557048,-4.576180172565694,1.078503640567191,11.17347854262084
-3.4239374699051757,-20.02653896595501,6.282770243849352,-10.691363214459066,-11.496944782379561,-30.96127247727454
-4.8601373937986185,-2.8566834564859738,3.517154057098288,-5.110036230950351,26.827879402926847,8.131224068586699
-15.398378144932877,-3.2604441662116135,4.855517405521651,10.881990805676393,6.289603142787802,-60.085629442965114
8.466387831664967,-6.931988866936713,5.952499146229366,13.028045418085767,4.9248216697434675,-37.73011917986105
23.94680922590809,-0.5939134613500154,-3.3043827775836703,-17.20798089653387,-4.401868803857304,47.028927319391535
5.133014056010746,8.965547239451146,13.971301644324212,2.203102210926203,-5.69023143979162,22.931067740158614
-13.185042818966368,-1.8218311797345812,-10.267599352093006,-1.9992671407870501,-13.87912809007684,37.49251307440508
-3.5435197049386904,-6.319027944549394,10.193081329782691,-11.696097911484175,-16.857357218488684,-24.63808046565829
7.843742585875035,15.058901841979779,7.732501154784233,-1.4216649334984452,-8.586556466535578,21.310844434547356
-2.0955783203154623,-3.948989040321151,-12.00887944471744,0.13218271020361594,12.87966927278957,64.3416240009473
8.544931502416272,3.5312621548992604,-0.5712070886399012,-9.79311909412939,10.90262908164739,22.124624037998363
-14.370520646669036,-21.431518079395637,-0.6251267607223276,-4.232039012842931,-3.5449301510636895,-67.66687839343776
7.25128776029247,5.39251576750792,6.6419684579690745,10.906690619764984,-12.68311845633341,-1.9658479280536802
17.490722376434743,-8.534813761520919,3.0959150021116155,18.73908078723182,16.288651591166662,10.463588409120582
14.133772534344862,-0.2163331487861539,-14.585243788912095,-10.692713683566133,-3.1669551380755143,77.67611944774241
-6.841537073963396,-7.176642697620766,-2.35847506888119,-6.395052389418693,-5.160835504733431,8.946540420559277
0.9250473042397365,-9.9077848519432,7.181741659230169,9.464727291521628,-4.578313822840669,-38.24357975109443
0.09846404502042283,15.183656317729904,8.010172717583803,16.168165154998853,7.709584205150708,36.96826536066274
10.314195607783336,-5.6579144690132,-0.2967141162518869,-7.633080798701835,0.8387603852267062,14.714777815191301
5.43609156943277,2.350616684455662,-14.9736176944648,-7.898182289261691,-11.779776687072545,39.278946067026
3.122110325270725,-3.9255867067741357,2.697530513671036,-20.72002754509709,0.9878646811873146,11.966216550361505
-10.207165987381428,7.133492388724929,7.715476246924789,5.557244678503329,9.41994389321688,30.96525454198158
8.102673284076543,-5.173126791403467,-14.452738277871411,7.144915545379406,3.2185471121069686,35.30445728405304
-22.768771190121925,-17.144262803909342,-12.940803989992368,-0.7891559523088236,-13.996166281419221,-57.94698696241931
6.550819248370613,-5.0988420310550815,15.462260072383188,4.267066970151912,-1.3047151806063548,-35.788755207972876
4.218486839114646,-9.332315796356578,14.4600134100554,10.504320880946942,2.4656742478632934,-19.09560561750069
19.332332120105818,-14.65328836015674,8.094854939066328,12.041352438850543,4.966702297730249,25.596721762806098
-1.555769604580132,-20.599019088806134,10.852010608191113,-4.266444766092508,-0.7137095229917987,-63.873346813279845
9.864059854618903,9.890603368097398,-11.55704929020448,-9.875241179750905,-7.077561425985495,54.040293017111495
6.889901614530497,10.795108333049965,5.023965354119908,-4.405872142358492,-1.4372389323964883,20.14075363277845
13.862664365372039,-11.237813442648621,7.7982178655867775,-1.070714352151803,4.89646331463214,-27.755355992308782
0.25048705709673114,10.315142071519954,5.306986623196169,0.704543980031066,22.647942963448223,51.31437051905225
12.50852047704302,2.715763096427194,7.754927464429628,1.1714786294246662,-6.912452244029104,-17.451108602539094
-17.231656421749534,20.646626434668462,-4.393005609164685,5.890913674677499,12.647960650206244,65.41668030723855
-4.390534520207117,-2.7780717038883607,5.191532795683535,5.281293715720198,0.3321863503721873,-4.8674377486081415
-10.55792995820486,12.890916785482698,7.627356697395726,1.8191598479184903,8.047846591610929,36.50668443972823
-32.43878041714521,0.6345245067724163,-4.228407249907971,-19.602121989501974,5.44841562672303,-13.40697906229353
-9.840126591423966,14.16197876870941,-1.4176879838124332,6.665774635399759,-5.7863762679413675,10.304781632493402
8.224303629397134,14.172102385288781,-15.740515535329402,6.180252017741492,-16.476932598645032,112.65313594644634
-1.1459238711808484,2.5957123290975144,-10.921703583727176,-3.3095209094322335,14.968183852604174,66.97875965584784
8.953340899307808,10.343929172777012,16.30364690398872,-3.15632422454114,10.017368781525555,19.161725432026493
-6.025540872865884,12.482320541391097,-11.28353428150097,-8.302304421891435,17.480753730076135,56.19370265026115
6.089156904115343,3.2922480217294154,-1.803047795794361,-3.809681075019584,-0.7465455945163525,21.183367668365857
-0.8849814121080388,6.822064694931606,17.013407816988323,-8.399611354874935,1.7939463251273362,-14.410611701277805
8.114007356552774,-2.7624844629483314,8.227272679281182,-13.770957423000542,23.011116012511174,-0.399556515592157
3.3905924605095032,-0.4431667146832991,-7.13250820935838,-2.6510705038077242,7.405986541993124,31.969050086383756
23.90075056017597,-12.985165475343486,-0.9772971653143263,-11.223615890718095,-12.10452479783272,-37.11755668833772
0.8987509414735145,-5.008535965972998,3.3422245823237953,6.940760496121326,-12.507138707111594,-50.07430960217019
-5.312112963470581,-2.7642931162922437,-21.69283370939404,-2.5765138294398966,-12.750931128106139,26.15786245976988
-2.2196615627500833,-0.46501113525046595,-18.764434240988482,-11.135505702127515,3.946229215467689,43.27077606225705
8.897916857436769,18.957374832732548,3.5079018637334594,-6.564249883756243,-9.197082881740426,34.05546668036861
-12.749795520997793,10.274661973459756,-13.606213962094927,-7.764033948876191,-1.278262329567681,56.08130110075964
12.752871535163104,6.105243547074933,-1.371024475640856,6.332249019953063,19.230465563039786,66.3257300611023
-3.362218685786753,11.433115082905145,6.152929408224082,12.458589939757827,1.467659701894747,14.495934862025571
-6.89459013746934,-10.446015201818797,-1.9446241846187742,-10.1152545161428,-14.329493979876633,-13.991100636971868
23.425369799350484,-9.291827762337505,-4.848466501421188,1.3054198626730351,18.031676615226772,-1.2350902997550346
6.6563621350620705,13.928987801759105,1.7160212057480104,0.3216932310685884,2.1255130734972707,60.02857369383056
12.289565121830874,-8.918870889396954,-5.900014124419849,9.318659647838652,14.005074524354658,-15.201771672290343
-14.529357724014034,-4.847789835202228,4.975538059052047,6.048712355375967,11.892279139023717,-34.39052874668872
14.490052879205791,-4.129453097757619,11.11467201729155,-8.68501098995242,10.597273967692303,-36.47636182013042
-1.7666249181559723,4.484317369026968,7.87487770033641,8.867356008233573,3.7807908096163487,0.73254061350034
3.2914055180042427,-12.571800528776173,4.526730295245464,-6.4506663010606395,-4.908786686433635,-28.791479800650194
4.086419098949284,15.893606865808476,9.898885654156363,-0.7038740701985396,-1.8787433237351905,63.34380290158947
-7.139257323529286,0.5591220267021297,-23.216805871549504,-1.232082627935578,-6.440216665686157,28.454653788779538
-1.676658290734399,-15.107496802368154,-4.147225489751269,14.9575151099107,1.9091871865047305,-41.474246213991506
-11.183901838938564,-4.552847475190593,1.3054879007638807,-22.858454587112995,23.602080708251904,-50.805795571949446
2.592583123452771,2.5692271161556373,7.807882945380626,5.61676047467248,14.37853817325308,15.692021547805753
17.008775698310313,-8.160259323428159,-19.4148645973249,-16.960137427618633,22.024729678824105,25.06510754145701
-10.77162909334321,15.051126382213042,-10.666371371795274,12.96894950755277,12.86711889211717,47.08006941962172
2.3366992646294036,-6.3702691503712,11.503142286433135,-5.524882881865362,15.618379904780685,-32.66831141427894
-5.850252127427769,13.870723601476367,-6.924002590523327,-7.421508873783694,7.043683007237501,81.03081504300208
0.1972831869406312,6.4134090508895625,27.894867412834742,-9.217307391794055,-3.493789722027377,-50.789455798674965
1.3711402747336083,-10.521519939818988,-16.538374836210558,-9.197942540204698,7.399981214731461,33.10194887257458
-7.078248352720896,-7.001481179262949,4.857377762849824,-10.086671844896815,9.181772223048183,-15.250433578589128
19.309868994097698,2.850277136634458,4.460626571476591,-7.10524662892893,2.8447946558189514,25.67251492282172
4.825484074545349,-12.675140044405332,-9.585475107989712,-8.077747194822448,2.1188479326695098,9.58263971790272
-5.268127626300986,1.9338346100714385,-4.885260826508863,10.97430996186316,-1.797435333581432,14.05145532324642
-10.129724881725434,16.308443095162705,20.68925792934494,7.71442008581233,4.634643274934726,-18.87514229644538
-0.25630587840283053,4.4471766522062275,-10.71911759010689,-11.522199960253669,5.8416173664209765,41.50065866306683
-11.867882694976203,18.204766888432374,-7.850306536443991,5.475422802138425,-12.389716006256533,56.80580714865752
-0.18724875932474166,4.178126403174684,-4.288842553649695,-6.311460873484799,-2.6971680517121333,2.0559092126563705
13.054244424488255,10.118089850285905,11.061423763781272,10.388220860273611,15.197867921220434,51.5210953258297
8.118449129759055,-22.815163555595312,6.429825771966916,4.508701482293955,-2.213265884364384,-84.50179687475867
-14.72612954543157,-6.807165035126217,-3.3320491506753385,8.749058701296896,7.199914135268224,-53.16162838296633
-11.595308371011917,6.09591300812769,-19.19581891773745,-4.266351622031609,-0.16102190476040962,32.05263007499346
7.470098396826175,-2.5784178244593488,5.6162186832919,2.9535298315718768,4.875384689746031,2.7172452420693034
6.626589328178158,-2.825197658635658,8.811263326688488,15.543477036613995,-1.5948326394005183,7.462177093155102
-22.624169420927256,6.577977366230582,0.22093086659701192,4.82015915387739,-7.9656419136673895,4.627934390726
-4.626717839840086,0.5673717272164838,-1.74749340378522,-0.5458073223638515,-4.928375278927419,7.341783646071159
-1.305798218980758,6.837718768474543,5.376584323128425,-12.63990098227497,2.1363959247131197,59.66290482578306
-7.290185603605197,3.735765597765974,11.91946819272083,8.211487896868627,-6.583192721736838,-34.79042715639241
0.9297336557733213,3.838876172400239,4.553726170232238,-8.556522287395904,5.292615901595079,-1.0331512551941504
3.1925488276448872,-9.559896051312572,3.6138696883242853,-4.460718863311028,-8.977123198232796,-35.90344128261775
-4.001034859469412,-9.505275089637282,-7.182893829475626,14.80793076535305,-12.956014523863622,-39.874900646144646
7.805028947461436,4.670081817431341,15.231395083820287,20.013069173972845,-1.4503973662222458,-16.3343395061398
3.1665895375797897,0.6494905653530609,-11.028264046286942,-4.374681935357531,27.683980554043895,76.11319119900506
4.23670518423466,-15.562073503144333,6.327048265928273,10.540039594541533,7.0838998341577035,-50.7878703105247
-14.59792953709625,2.648070101432558,-16.31477663557547,-2.4528931802665825,-27.870526557872978,29.562813792607287
-18.40889724611671,3.32406497894992,11.012672652769869,-1.1581128827501217,6.834001091525962,-43.686347656993036
18.84163077812859,-10.140507382391117,6.3223278511179775,12.527416382258078,1.8170598181901534,-22.099725295003743
4.034272862940259,4.952789147065869,-4.400959625445338,12.6200796873041,-12.775645199390544,52.71666250020111
-4.033381955301366,1.3396693090656586,9.409655979188429,-11.063143660048008,9.339452805747285,-22.01690330859981
-1.2141952414319936,10.111641887303197,21.658317364309298,9.483485449344233,3.3485544976916124,28.70104090478506
3.508205135494158,6.438484540137762,6.077838601150525,-8.466864872813769,2.477554672409519,24.50038263375886
5.588931241585989,-9.486542688560583,-1.0781377883105416,-13.890243685437076,-26.39568056012392,5.392261340914288
-1.9981036813449848,-3.2269746873526444,15.262281973788268,-14.280469615114237,5.952412330461065,-15.848356875783676
1.8807599327006075,10.690372665322274,-4.251960483894341,6.053376895190268,-9.880483294619752,60.03030224920566
4.492765051230532,1.4275184925284237,-4.924334708122,11.421965092480985,1.3551064443636516,34.12097757738186
7.029082211737702,15.598035434943672,13.176517693684959,10.753919522836703,-2.0387692234416095,39.91180695631142
3.4939731789389055,5.543644419342863,8.531768803688976,5.790867357624171,-5.503254337112034,31.890399892913774
-2.3925567156098353,-1.9501211068919249,-3.750737266608033,7.69089634784946,-17.787826080356666,-14.38775593694505
-6.121254456097568,-3.0771871525424714,12.608336147570228,-9.829428423141719,5.21074863936526,-24.660521749846776
1.1864398682872166,-6.586110560005461,20.75713314611477,7.12729430663577,-4.981331609762197,-83.49968920079728
11.80842801240094,0.4129382651569771,-11.844275785761319,-29.603221104782087,6.521314240980599,76.31760942237085
4.143222082548105,-8.794334614162675,-14.857280803631063,-7.457601568041047,-5.160654807877422,27.23454145608107
4.6000256357845055,2.7785001948310355,-4.109601983141785,-17.4358575763919,-12.326012053350059,33.145446933993355
15.956159998104525,-4.445505809568079,12.405096678172187,9.072743767515025,-16.55287675421182,-32.78810317131704
7.744594836365959,-10.438336547468403,-9.355813875071416,7.957055992757679,-5.381618058793796,-1.569278851793974
-15.459949080489476,-11.58970220256706,-4.03708655083434,6.674692735887934,-14.908280417830369,-32.27261585417118
0.3451172405078706,16.372941305201326,-13.25917017641397,-5.295531336869833,-4.831683013189289,34.771229014747135
-9.566750104366198,8.12258989070333,-1.118376382020437,-0.8987017103181048,14.746734742937964,36.639636376140786
2.7409482108704313,-0.7364381744980244,-0.6976102330652316,-7.836826163313811,12.091421966770552,2.8035741752471157
-4.54652365042917,0.24700580550870355,-20.501100286713914,6.397611679999051,14.207864481478193,73.83480560121424
12.466307765109804,-10.437934485460815,5.9848398637241385,0.5162858035696137,-6.1984037961623155,-12.107108983939368
5.245232533542624,6.660869687660293,4.481426087527455,4.943823764475601,-0.9343623406618652,34.44108346972379
16.50653419845844,-8.45004127245735,3.9583903044377955,-13.420918091988101,-1.0239555555522015,11.65984329587489
2.543768390059266,1.7394699319370472,6.8338001393480665,-7.966737748968445,-8.137846423427058,14.395409799635145
-12.698923002192812,-8.328348686333186,-6.869827733911681,-8.51619903440281,-13.75841262480738,22.953709016838346
3.2373677248641846,-2.7832390760904957,1.4926082526711326,-3.971103735806544,21.558465575412228,14.304345775964947
-19.78000098590658,-5.966682908379235,-15.210158638050839,7.00604687637449,-6.347579317900353,24.74270842334623
2.6665362087225812,-12.418497404705128,0.29476900630659625,-1.5485797582709648,-5.476939031180441,0.8979604382263844
30.37878471552919,2.8150110259646177,-18.788196900917285,21.765911156212713,-1.7248089040239558,80.42569339398987
-11.34830521092933,-7.1808087450674805,9.399265734820885,10.750743752063896,4.77085093619709,-24.579969287006406
-7.355512271688322,6.893115338753901,2.691588744649528,1.7631964731515364,0.8244853124798932,26.35361846428628
-2.5004399630703658,1.509795957754981,-5.256450021095134,6.5995661104297945,2.3646267614704435,14.10316467277642
19.393347922947893,-11.938131901832937,12.48530015723781,-9.026168211971621,-5.776587962830496,-17.70286197186879
-1.006602734753939,15.616081010959865,-8.754438751305443,10.448156406763808,9.93288699095032,85.74254664467105
12.20721083080104,-6.160988576113999,8.339976079018141,0.26735373747835595,4.828240472352004,37.47568055254093
-4.202977293134963,-19.37904848656335,2.0108301939555213,7.9418245911179834,9.2531795256059,-41.839854943005705
3.696082492833304,-3.5485498753667875,-7.4751564175265885,8.227944248417202,9.088628869369344,35.717128724794605
-0.3888465933546536,2.5910004337763635,1.8758804997396106,-4.934837872779286,8.858635227934917,38.793747368289026
14.64994401181869,-16.66634429391948,5.2696357848209585,4.163261505587232,-1.6189559732475267,-30.880382390763955
-9.783028452474179,17.459405408300675,-1.7713836373724543,17.432117045959956,8.827284368781454,58.40252823448761
0.5907440772542087,-1.7144118426829946,1.8642970815398472,5.302946399938813,1.8266094771323833,-0.18359501412666424
-4.062516124318207,10.997659932915054,16.64058200490507,-0.2132687350205597,1.5774938923241026,-27.703502419019536
7.513756946500728,-3.3873204979154887,-20.952380654491044,1.5459605350295649,10.779192549243266,40.95573709081372
-12.961342320594945,-21.607634167208317,5.960409344494073,-10.048988671529198,-14.037046625681597,-54.20776527597938
-11.814373344020124,3.2991293929170014,13.058775434382666,-13.675466366328504,2.105592500990528,-7.468726832007478
2.9578764070469736,2.0982893290789155,6.304287153225703,-0.24558445173787133,-14.305252039333942,-5.7420115196541355
2.366641544935165,10.441058832182968,-2.6060177526400237,-8.26759873618096,8.069800937302603,73.1154060991538
-5.347931384541571,-2.5596589533419034,8.338284944320542,5.744842316728124,23.71879046146901,13.375485447324998
-3.935108646298141,11.363769382004454,-8.687960480332128,21.1869262818795,14.568519919339915,61.95861140872374
7.709876332793575,-13.381489761543616,5.431201658029478,-6.883150211794117,7.376260448569219,13.23613922223781
1.7259248376904823,-1.6926623998040022,19.59287149590993,-8.266891820620051,-5.1068837996498235,-33.46252266919612
7.4179463181174645,-5.738547531289939,-5.37203338943635,9.406020304272747,9.260633865276457,4.648817107475909
19.60164777425781,6.326922409590531,10.940597517770074,0.5186718485158917,-2.1852001108812895,27.67713507798355
1.9411576877928782,-5.314801690700084,11.661993826631514,-7.867812923078943,8.066101187590494,-23.48078927079029
20.816283662355207,-0.6469026707766621,12.943577374799206,3.868481087002728,1.0040212284661894,9.659400219284432
8.561911434104752,6.88060022276023,5.252364814141352,0.43651676586635496,-6.681857048442192,23.25634407424506
16.881172040179205,3.082953160948407,8.618838059642037,21.51836788322589,10.211355273727191,38.33201641834846
-10.217544704155285,-10.877186873012088,20.35140040336023,-16.489888606038658,-7.07637820819131,-102.84142448758321
6.9675916003294205,3.184341297318193,-14.501760404942292,1.262187802628467,20.281214755638267,60.77948502995535
-8.674034482174825,-15.498642163790635,-6.42633530810504,1.2736123229053153,-4.020851658802509,-41.168220525276666
10.30808086759324,11.748061825459065,13.774557213927775,9.606586918145304,-2.299818195921982,32.305950486415796
-5.335138691795923,0.609239955030957,10.413666675073534,-8.628297774513612,3.2846248197885064,-57.97531128460848
10.382302141589077,11.470637231347805,6.382544591849654,-10.757656354998693,-2.285431869453576,45.67556733845568
-0.8197071511220286,-18.804833758319997,-8.873760277800038,14.267808510168724,-4.428442628603964,-33.18557334652745
-14.812875291688897,4.904707940965051,11.857087466385373,-17.564409394534707,-1.7857026946004193,-51.020443962906754
-8.763871783082655,-8.080924875043753,-9.750457121438952,2.4224455487163485,-0.8987694355751003,-0.8300031510878441
13.902107571469903,-10.462864876030702,15.0728454357729,0.2938804009597245,1.088398523956451,-42.06957874872154
-8.156112738473691,4.26454685259848,13.852600832609562,-8.844633051124811,11.282212257530473,13.723012038557439
-6.878540308081769,-4.5828098759418,2.6307009006911497,-0.37749128418573097,-1.0217779836382477,-16.72549187561817
-0.14133506437333562,20.271223299718955,1.5831409678541688,-10.895451429424977,-12.200617176338127,70.2022145377161
-2.923996532531569,18.9685521587262,25.71272522315669,9.511683035490272,-12.22935376039123,26.778536623818376
-9.251454359786761,-11.869854627348209,-9.120402210915998,-23.94462262097154,5.669486372544671,-6.628707926262429
-6.180792717266799,18.630869531670527,4.1219213933643,7.265965659648516,-18.049240476835568,32.81897190691789
-5.013669368779937,-12.169314006005303,-16.429624450724354,5.804977218907443,0.6414718033663804,13.389237060780678
-15.477284305531512,13.10206654516409,6.168556794907424,-6.406610397322873,5.56422904742091,21.31425969770308
1.604239231202477,-6.1206557224683245,-7.284965237406284,7.070554297802553,3.2346784364704355,-4.512500268769507
-15.020183739840242,7.644035541091931,-12.596150472143975,-5.37974665920527,8.428274381113583,46.692413860567946
-1.580873304288538,8.948033315172907,19.126323281747283,-7.2393880180891435,6.154265214810264,-32.819086363330086
8.743587250921365,12.504263685313251,1.3445931928050816,-8.96068346104565,-15.334613049272313,33.086682934454615
7.379526927477236,10.202138091697371,9.911905476104035,6.622877476660229,-10.406563794437623,-6.5034331556721625
9.538485428959957,-19.10183621788597,7.784478356071574,-10.579391974372781,-11.22270457744035,-62.4305483356782
-14.186378636901926,-18.5971514848123,9.13822192939091,-13.538397697092517,3.187635029981339,-108.59927832820222
15.111038738118099,-11.366267768237144,6.424599063856559,-11.27881745015926,-5.535659830281892,-21.657791571221868
-9.695221873704588,-7.3395994793643045,6.29162047067303,1.0347181433334545,-13.872594993012083,-22.760943106702758
-12.973972953741947,13.579159009305194,-15.945728834046465,14.800853097265648,-7.8925058885786115,78.97003780634145
0.5038494273167048,2.2177709553156366,-4.813951989679165,5.655385479209651,-2.4236681864925798,-5.002783433625229
-8.76481546768068,-7.945401075077837,-3.2622026009278287,15.91401480095662,0.17485880804547413,-48.78392787344066
-6.123732012230224,-12.277568296518435,-0.4142655519480032,-5.410842013258758,-22.03914168406371,-56.02819895135195
5.160873272624542,7.763136241104766,5.331405708573217,18.324421436585972,4.118185281312423,22.12599139195119
-3.0378706786090732,5.573225132576444,8.346677570815705,-0.8478494370409577,2.7374454256486684,-27.29996046266797
-1.0692587693820617,13.84150011334012,12.857877431689673,-2.2026288332274664,-7.746828482712819,3.9750507998556603
-0.8740857048707915,-16.468458816708758,7.8168593937739015,8.97817277410508,-10.175443079150586,-77.3126335455775
8.580682152626084,-2.128967790651669,18.944923698998885,23.64525299910192,-2.138990577448291,-39.95902658621182
-15.119635698139945,12.867248384586002,17.826323596316662,7.890875996644146,0.4124255299774514,-49.81724468353687
11.309628709696216,-11.302346155102159,11.0499196924326,-7.048815190180111,-1.8802394936697446,-69.39599914856922
13.015424462530103,12.692175266088146,-1.4607515848718662,-6.382134299523878,1.4025475773966822,48.635106156394514
-8.865007684607091,12.127271471665523,-6.697142061666809,-10.096104776024244,8.767205440063933,32.21998559613962
3.580573096457955,-6.038872751636331,-5.382927534892342,-2.1604026521687443,-9.035547545875994,-5.0879965821278414
1.760351306494985,-2.013709281407635,-16.402164639869536,-4.162211745837313,14.277007016907145,28.32131629183236
-9.291721283668737,-5.914879216970453,-4.0107415210351185,-1.0771798323020223,-13.811028186521119,-16.065242985272967
-7.849476904517784,-1.9197204902306026,6.200974075983363,5.04305123009437,2.4424764142831923,-51.35624074755357
2.492740254192063,-9.709573250942086,-19.18482097505127,-14.137830392210057,3.541815663527943,13.426055423305476
4.740743527320202,-9.789469854985379,16.728352638987058,16.388894385218574,-8.640039343737168,-87.32821102616626
0.921998180827735,10.758234658230677,14.912699338577847,2.269787812296207,-4.83486748032852,17.881880879126044
5.84294792763969,5.106105412209134,17.234316272759827,7.69609351124247,4.993243963797194,12.659135884278871
-0.36262782897805756,5.376858185790519,-21.58262749821243,2.657557673059738,6.458421557353594,48.5604203843996
-16.021448822428074,-10.518980038288019,-18.82445067252927,5.34989211616365,8.203420752536621,-4.850756963745601
-14.210396388442774,-3.039721850644434,-10.006832841562353,5.512465941256915,-9.680974218663632,7.804500614615346
-8.916225384581164,4.1643500965413125,23.260979518263703,-8.148491453533556,-6.776194780380167,-46.9208993347696
-3.0114246540389926,5.857035600351898,1.8741236367050842,-6.44915462030691,-4.57809536855469,16.530195130581568
-5.526742256077827,-10.995483890515523,9.98475874114914,-3.7036623278845497,5.148056015002305,-68.2514947921893
-6.2020544409201515,1.067933971151602,10.702938777791331,14.81576775969997,9.6644516688224,14.643885482047935
-9.04665352635885,-14.636153833770534,-0.27059831342167173,4.997168533127389,17.13601052470547,-44.23145390182477
-0.8322030938814796,7.991663740910444,2.846633181161682,-12.166328648192966,6.474376516389457,18.3102070120342
-1.2855943010596875,8.68442176305794,-13.687824749632595,8.206368618198127,-1.2039860446465658,71.79262043767875
-5.088272868478876,15.75350721616667,8.24531770636298,8.047021406723436,-1.350923117343272,41.98066802740792
-11.60557654868494,-12.848168429316365,-3.268619549941121,-13.908269441153953,-4.728467594821962,-72.74964676021669
-0.4423486774065328,-3.4989830861212545,1.9771027615732606,-22.92948634987921,7.921211231140994,14.06182925129035
-1.193614378598735,5.7250845792281355,-3.6933397938391237,-1.4255071399959767,-11.114868316627941,20.511036990808197
2.4053682978338835,-7.140618242909139,2.5284463848851315,8.610776230239654,1.6312634075136656,-55.00391329139984
19.62036528325299,4.211267826854898,-0.5142114493716186,2.0198739279826423,1.7397815115469573,33.59790536795727
6.380738468388124,-5.867249005621561,3.485690263185423,-9.257048611336206,1.451944983411004,-32.666037096615966
6.610592664023985,8.804208893027823,-3.67921473915577,12.076501795632213,-2.1461052915842673,53.24832200764807
-11.963673165576026,1.1886588274203063,7.330349602656972,-6.986099135277794,-13.639237828530126,-5.784442565029877
0.011682453923247823,-1.0320668190900313,-7.870369773258549,13.33620701577554,8.173708534824407,20.179173923759286
10.068898442381276,-12.881757963968404,-2.833610542845362,-4.832040730556802,-3.75577195087261,-31.143953108991745
10.2197703101744,-5.675051895927908,-6.416917690803175,10.32045797882131,17.986250689297272,-2.9448975060501894
13.037133933030262,-9.021566099515859,-20.37076475867834,-7.7271914363453655,-1.2946123851656148,39.75012260616542
3.2231877885082323,-5.052429629669591,11.459457317086201,5.763181975279178,0.12229687829607966,-32.70466216024123
-14.135705352570964,11.590853910864267,-0.4407202416885961,-17.74985815502913,12.274330414020254,3.6045683247736306
18.95126518595727,-2.2402993850047177,-10.202122485523162,11.135325098185376,14.312263681437598,56.83872793545387
7.086637949037904,-20.683365751577135,-6.412214302804069,-9.052937848634222,5.653693423636524,-50.97597949664602
14.721257178831877,0.11320789503874058,-1.5478894537776144,-14.791459765281264,-13.306957939429962,30.77353313974444
0.04358516753836927,14.32518846046168,-4.926137171981218,-5.81063848439245,-10.915367794178128,43.994635653828965
-12.731705937063502,9.550860312380268,-2.5303080460311076,8.21210581700737,-18.411858108217025,6.32844478049863
-3.58702745016351,15.04128674406048,-11.620049612248806,-10.248682084708555,-1.2681265214143904,72.82187122395104
-0.086645304997955,2.8819845402752082,-1.1890493257014214,0.5770636234051931,0.07953616771307694,57.01250683811955
-9.184026605029072,-4.452414364531082,-13.415048141510539,1.8707650472173722,-8.860692281333522,15.333077977826559
5.390311813268673,5.235050594395208,-21.046084036794014,8.346429480881199,6.797229520187235,54.75694355318582
1.0769954730121754,-21.930481419668162,-18.751548323857463,7.949409433703069,-5.141042752784043,-7.492317271795759
2.9140315332919426,-28.27964684614357,4.780106347832081,-7.365363982138778,-7.671627501436252,-94.3707172742481
9.752675687034985,-3.627723904996948,3.543601013830844,-8.551323317363702,19.45883918184774,32.07690472018578
-8.11357130120892,7.894588512896824,-5.283557567984315,1.4822287401349656,-2.0091149314304153,0.5767153931000557
-2.5972725619049166,-3.119306720794666,-9.078235672038375,3.879134687309927,2.2285790685696663,45.27528926377971
-0.6438065963343237,13.171114628644672,8.292180219162482,-7.03416275677344,1.2394067486088065,41.39242655960833
10.511258513010876,-1.2761052634645929,0.15521886901439175,-4.02185632791899,-4.774122200122155,-8.2552436146884
8.684628307311705,2.196807721619435,6.322972143189865,1.608227453662823,-4.647425091759817,-17.09717760085232
-10.574743770048503,-3.443436449428457,5.573180246801256,4.387447614772317,-16.019626914600423,-12.603092737608833
18.042741199500117,-6.3940299149908935,-0.9047594122973889,2.1182279727354065,16.67507699914526,1.015221344048257
-8.377591768292044,-8.129491170153088,-9.868098464803914,2.238242673414492,5.602460115136424,-29.677147916806994
1.7263043350324359,18.478903354287304,-3.387108993380692,2.1224739354230326,-17.799045632030445,67.21147994329559
-23.740229042316887,5.209860941265507,5.235971514412393,-11.563394727235533,-0.6447408891955271,-3.175632956228865
6.034345114684573,-3.099472408532751,-8.197119590009722,-0.731582189107033,19.938287847592374,34.33442091078601
8.091847091406455,-4.393169870261412,8.950444900240445,2.7043260806662834,0.766029145180891,-41.01060310885309
3.370687739574124,3.4185608074180394,-13.139713168066937,2.5970812226150235,-3.4887588645429375,31.40304062971647
-0.4803270580441344,-9.305181466263452,3.896718128392968,2.006317502374854,-0.2880167403026347,-28.970895726389813
2.66608540000595,3.5523313858389827,9.226388138471535,-14.424306051377858,16.770837873823975,-18.10400724465083
0.6693261726354482,-3.8155616871361215,8.934584173620532,-0.5950849682255365,16.61330951133437,-22.966698874243804
2.0686034662144417,9.788310417362094,0.38817565364411044,-3.3324501359578784,6.966304096419513,37.63371283861546
15.011601076720535,12.175876042646225,6.568243276378843,8.493386216126288,10.289804336970093,46.652658391649695
10.344004545034577,11.277968169081696,-19.642740865120103,-6.79946305964528,7.873354084722544,51.72470916145575
7.328004658959513,-19.950785843913952,-2.5457159202804465,-15.92876345426318,-12.764343398068785,-55.724370158215734
0.5450798839554697,-6.35039328483532,-4.901761782216924,-4.338956139400154,2.4401057963127375,-17.586656043743638
8.21709899345916,-9.492099223458313,-1.7398579242030374,2.931592756921251,-2.9972187607946417,-26.452207873996507
7.353766519564195,0.40957886328424753,11.978509268941508,-10.671201765601426,24.92505084885169,25.74637527604691
-6.048018265962188,14.016358043414108,11.410268413449652,16.87577637499009,7.959335853230937,29.87955174781552
-7.003035560536292,-29.610642953346126,-7.432722246562131,10.794531585705464,2.358248046166272,-85.6457955472828
-10.256147124324492,-12.162882064424114,-11.654119651532142,-4.775670764563269,-1.517072514031206,8.190476635031043
15.305293821660403,2.8582832644699154,-5.903154606073278,3.782101257519229,-7.9618376369207935,67.40363372581062
15.011303511706624,-15.050324082069153,5.886698651536876,-13.498748224363627,-4.216608149409383,-41.497094343765184
6.442992308921398,4.449406241093944,-2.1224717100705406,0.9788144245600122,-15.507518908526825,8.97078161775343
-15.063553040907687,5.454851258530672,17.81044955904288,8.322271241762895,2.529601647015016,-17.680104647632014
9.988840195560053,1.427783307369233,9.048009207733482,3.994422746936329,1.211260180480037,-27.427149547446504
-15.771561039774454,3.6922430458948527,3.5969353896730767,7.689788586332097,-1.252258546400204,-4.0968082803577826
3.2829516853631073,-5.0692355421124375,15.708951105257105,-5.093560598721335,-5.6896167280004075,-48.02022916990692
0.47977193542331625,-16.727650083507417,-8.770793020876885,-16.11124627316228,16.54449579426458,-56.98175317517243
4.0961352368544945,-5.374086336324037,-9.75982218054671,20.78145562890939,-16.19232915003081,34.72168646636164
0.15005479988633333,13.240089248239556,-6.268072843740353,-9.927197296719525,-13.168898814028761,32.39309150489739
8.345853729176048,-7.114931111081686,-9.578889578144112,-17.47857111322898,-6.583426159045171,-37.70022311574316
7.943339701252085,6.178090665789887,-0.5115059379749389,-5.785711785565252,-7.188985087005758,24.89247259353141
-14.886608539458415,3.619902797497276,1.0812149853259798,-0.944577782875447,3.0031095314575023,-30.81292134201008
7.771389420157795,5.898593787315338,-19.867135882908848,-3.3985902349513664,3.012246036433559,104.04538421516347
-0.6494860393940063,-6.0640296671834335,-2.286613429694055,17.76112154319623,13.302468745909525,-18.2287476866246
0.8038056844877748,-3.941052835785225,5.187081647121971,9.372085331929764,3.52979105816708,27.097459002870117
-10.641592352010502,0.5297102502800584,1.6078536973446675,-10.950014214379983,1.5115599683252336,-44.883274159876166
6.191395102418556,5.586084611207605,13.38158248143312,-13.400140691508891,2.5037537470065496,45.88090437481481
-4.956143408217786,8.626929450151863,10.204657757501217,-13.37084634047363,-3.5836299759606822,-0.28253705589050604
-9.73820836518626,-0.9675141251955262,-0.5394183233305138,13.060790341834396,4.946300474960398,-13.874188100350725
10.541527892899191,9.59275657049652,-10.54684356246414,0.5139526425025841,9.513922835170552,64.45187411971166
13.881029686642325,7.518308508981734,-17.143327866698044,4.4525157949412435,-0.644511337550922,91.56006171474485
7.057843240628518,-7.0226399773468735,0.8914301882507091,-3.1525461588695958,12.76792170612795,-25.561975996962854
6.157033248918783,-2.4860976484031365,-6.219801596977176,-4.240579783169099,16.773095911841125,37.22336690871706
-1.962444762812607,20.26776529150967,1.8140201521478818,-11.522926729894397,11.310573650629385,49.643012965104546
-20.517523430098343,1.0517061503993053,23.3315465040471,16.88589726316637,14.25992735009734,-68.5124480791615
9.607011795172195,12.081093473918498,-8.299834422955685,8.059695382685973,3.8300399996212957,62.653338590386646
13.70917160913659,16.638241182745595,-4.510191385885238,-14.497902774744787,0.43701389864746953,91.4362610407212
15.07181483993361,-14.294437965132825,-2.2214429998499803,-19.525410754187053,-6.665426483576744,-39.536598245305626
3.7088305964698085,-0.36990412750089563,-8.40725101342268,14.893317585236765,-4.170388288471303,60.996513975712
-19.058012618564383,19.46527875816672,10.685915221543233,3.1254804618950423,-9.64677288806644,8.372710552523682
-10.602731565962774,1.2548950970815318,1.5116066288276517,-14.364328112658155,-9.978225395586794,35.697796256561276
4.848469009054902,-12.60396335955619,11.03121770789417,-3.861205628481236,11.408497124217831,-65.3535028061731
-5.7137757960289415,6.75584717671042,2.4492488917166733,16.916449596594564,-6.508842564718861,59.47751085100659
20.795732983792977,14.452969941210071,-6.680535828685294,-5.812009480174676,3.620104383310894,104.4815825277054
7.631431098345906,-9.707064582253292,-12.243754672109217,-17.350982277646295,15.293353958118042,45.581221089078326
-0.20210667238493596,-17.654773485423465,-2.7969466908979306,8.181507729911,4.027093980587704,-68.72402555335805
18.93465003103487,2.02775841404642,-2.9822351239240854,2.9179058347524185,15.251998038921553,22.69847110573259
6.590448351244069,-1.2604548731855647,-10.517385559334297,-1.4883298548566177,-13.061944552208542,5.3069232867121094
4.196412520065987,4.101965539191196,-9.911805943569869,-7.951181613047497,8.3301604346951,42.734849772297814
-0.4252685343961143,5.4447435940615305,-5.935817731219613,-8.007173365841942,-2.969122076972026,46.01042990727607
-11.779693752194312,-5.765437657668841,9.495002703889007,-6.3677140814732685,15.718239491038045,-18.20852702873102
9.47236328202389,8.885377450411603,3.4387928381518535,-7.113162882417731,-10.929982017264148,40.89108449855749
-11.40145410125294,2.0384915221955415,24.012614124073373,4.750322376207153,15.019815448907663,-31.487779516398966
-1.497705295201709,-5.784318375814617,7.979648385487166,-4.927396497549544,-2.9077957573323943,-2.039617646874621
0.973135314209713,-10.743642346190905,2.554478836998034,-1.3884074963428201,-13.030654933769206,-35.187257858799036
0.4389993319239529,7.139222440843536,-8.082197848350207,23.125068044699706,-12.681428070199557,30.598907400812756
-8.706618175430679,5.860682432859474,0.6164564707900076,-9.649023279056552,7.107211818859847,27.629860584905035
-11.619905907086729,7.56526834615458,12.264296725887082,6.510294184939767,1.9311463346399314,2.245539650225263
-6.553896234370846,-9.378540010220087,7.54250156535905,7.702315722756339,-5.781774532413221,-74.25579290322744
2.003956152395345,20.49064053831242,-3.9664655180643713,4.30802642142734,3.8060928052889538,80.89855781719456
6.745738926269556,17.4850839770926,12.520482816465135,-8.426299946455988,2.2382569353130095,90.65463306118106
-21.9257149434128,-3.57595678275797,-19.149687568804445,-13.620273413885268,3.178739762711845,12.817722067864219
22.030884998351517,4.774813009228139,17.674926109227847,-22.057394033288155,-11.784570883424339,23.47765254273344
-8.010161733689584,-7.305789556637221,9.844172821485264,-10.559383944318789,-9.386827159303762,-51.30122505292824
-7.011837045063826,-22.460027329875235,-4.469171906285209,3.998041453932744,-2.6228243037605092,-28.22652805857389
0.1751933275776536,1.809968715268144,-5.164734439038674,-4.322687974873384,-2.413921329757051,32.696912504242405
1.0667972372495627,-5.303600809405632,-12.187212027688798,3.2558600105224453,-16.230284737275845,-2.050395733637991
-7.164409675611658,-4.790504816882616,-9.635740480607977,-8.348129511932873,5.56793525312684,24.255347425285915
17.321506618858262,-15.791719064668698,-4.323980829619939,0.7960367888073563,0.9636032755459565,21.3883657546123
-16.6196257436388,0.9530755876246648,0.0072475084580779,5.0485335238733375,-11.713525391582664,0.22164116259546596
-0.5480349282456941,-8.772852158532782,2.81271208475881,16.76160826712,8.068198092385035,-23.115326305162306
-4.723271036223007,2.5725855530295765,1.8367932696204816,-13.18762651434719,21.422459407878705,24.994294805240862
5.828510292685993,9.847633822349684,-7.932829592990707,-12.35614150804163,-5.183579687129102,60.75491507802666
0.9844521804970702,-1.7489591045442934,-10.35259377500433,7.478449867756068,-5.919762720169926,37.51984197259959
14.154125916554749,-1.9356801773288144,-3.5825496855173773,-1.7478286683258122,-1.0456987813089098,13.828859517485279
2.899801611075576,-11.562085209910142,18.60163367484129,7.69152932189602,13.33513841789074,-79.11590630752308
-12.134051225010705,4.06844259634041,9.445519638073744,14.825182234591862,-17.450545411560984,3.0184407281433963
-8.918773170881076,-3.480530672880842,3.587459345339118,-11.321659299041544,12.257366407510165,27.02180622846481
-10.069356784978723,-19.556886930091316,1.5376461143737004,-4.496204547436072,0.6099388915212038,-57.495236149051124
-1.4270602805707524,13.951383005909886,6.666123781158404,-1.012094741139103,-13.470340020655078,29.03208024265675
-4.542605197689085,-4.666333056900287,-15.262939234525192,7.814075094805741,-13.879896820757253,71.26127279429097
-13.93080224952067,-7.47972765318633,-11.50258494936139,-3.999786656435588,-14.331891718586903,10.023801749396885
-3.7011037887210234,-2.843515748030514,3.7388786467982986,2.6302956948857057,-2.2407895451248967,5.366730183543417
3.388397721396383,-2.7152756708391186,13.655309144915346,-7.373738072877476,-5.668153443400846,-22.232263586104082
0.007365866624636629,-7.6306434911658165,12.851753285249139,6.253339871463352,6.930612915311469,-51.48444398920451
5.282399141577604,7.194388661990821,-7.058763625852435,5.0061846919092545,-10.7696841807425,35.476278384394895
-9.423429632514148,3.7710916360554636,-0.4788126905742275,2.533654413896482,-5.730322746207765,2.238205919650696
-7.430841455442292,-3.579566185618261,0.602721868843235,-3.393700131069855,8.288172465344351,-39.83062391151323
-3.1945079250156265,-16.003036964761762,4.296076046144623,11.632693045991065,4.590409919421393,-57.81064035482565
8.516356723741152,-8.417919807631261,3.32520383647968,5.802088347148487,-0.5007625303264939,-15.520077926624126
-12.46379683895077,1.1086790947159646,13.706107523605338,-4.949764697664918,21.37186893745333,-30.741728368809113
-1.8069822750915052,3.6792954484252425,-10.139132663702677,-21.676424611064398,9.098647173663688,43.490123429737764
6.070224078622846,-28.756744231329833,-2.2810727751243896,-4.109212003354899,8.868036535868221,-69.51382364399875
7.012553496247458,-9.648619255341817,9.732873480541645,-0.3807892498586865,1.033736109076699,-32.82973626299568
4.569236653987278,8.610272477574597,-17.591379950828422,-9.075729532439828,-13.697817631255596,54.04973799855064
5.5014704190645345,22.516422733429167,-11.091945311148448,-8.319645010269204,7.229390343627896,96.07289309187874
11.622653617410814,5.2399326678705975,3.147761123641279,-14.52509696221158,-3.3039733453447893,24.98194202901046
-0.7705602200786603,17.405593964860067,-1.1619851506526753,-1.103113928237542,-2.167304357554558,43.310347298564494
-10.708433531517109,20.27467631456583,-8.332642005121487,-9.331971512469163,3.305820534090383,70.92287356784877
-8.965133515189166,4.135288416991288,14.212960729659121,-11.989292936403277,-3.5928533022315525,-33.39686336271903
-5.001566929827464,2.8390666510069833,7.844383321996435,-10.155774930487826,0.41322805229842463,14.678337486714243
-5.585560184590074,3.2234169125619343,-9.789391410296686,-1.2974115347963886,7.2069042853262655,25.951335402987205
-0.5092152138298504,7.097838226408255,-1.8231117623860396,8.389101016433544,-10.974469021576219,36.380566527409506
-9.417589879570281,16.709393028525234,0.6779129982980139,16.30785367719934,13.833733896317215,37.21584458841278
2.849299763926742,-10.74822406075598,6.612886514000552,-6.547554823287909,-6.0214630453999165,-43.670612559317476
-9.28709663734117,-2.664282999650104,-1.7554255543430641,-6.618304633873255,-14.760750358024595,-15.054928252354838
-1.2380490021480854,-13.55718091376087,5.185808339956307,-7.449499755963712,-18.262562676023602,-77.82799156276836
-12.56076281503165,0.1438506852044796,3.778096413337252,2.8674311398777927,-12.095242099985594,-51.3470480132186
9.176355310778725,10.630591003130894,8.563401455147414,8.013297715602846,1.30741317268093,2.2414912175180213
6.324808493662949,14.17581496301577,1.5859251919271298,-2.2609122116618723,-7.046893494758094,62.29180692237081
-13.111997826473385,17.487100854392207,3.29207170888687,17.18247008401115,8.305441044038913,50.548123572068704
7.01342246199201,17.15576761421126,0.5392752628536881,-4.264620637249003,-11.015961736617761,53.4209268946095
-8.114318482126125,-11.877161818711022,-2.2689362671937428,-15.241993340039093,-16.309368118864402,-73.41494971738939
-19.435194499344455,-6.656356140160209,-2.432305285961929,-19.619222816375853,-5.7698397725321175,-16.496264098749556
15.041853407596381,13.266900419649847,1.484168648036396,-4.927374651743907,-10.175950462581637,41.975532903442534
-1.5142777320884984,-0.9099034626627588,8.88541405254447,5.079235905419573,1.0946953699255209,-11.707757366606907
-0.5397600996325274,-8.853827381459102,-23.935722730185233,6.504522620963662,-6.6605285809628505,30.14326636721641
9.079507563843443,-3.196431345872777,-1.8323839457645956,-7.652011278386092,12.647295200371778,36.29170847774199
1.11367219925325,-11.772995349689117,-5.182479371087522,-15.236281243747483,-0.24899899693043018,-18.46474598381418
-13.901431499971517,-15.22151212194154,20.272485884794502,21.096644554836285,-0.3686352759232783,-168.93151434718615
11.850449342182205,-5.361692873033026,-6.072255892863032,5.5798206685960805,7.267258821165664,27.585451912678124
-1.068583071958981,12.89169701460663,14.577727808671705,9.772184527069571,-0.21511096442577182,-3.78368251823394
17.097930713875837,13.24917030394154,-4.507627933522983,2.40772789202562,2.26906725446661,40.928224093641205
-23.9855357749908,-4.478580059815911,1.973844251581602,6.273651250506445,11.054289574236176,-52.02708107343407
4.255460136173993,-10.605602269537888,-1.505709383183773,18.28937272264195,14.672252655879088,-60.662328190142816
-3.2131231974851566,-1.0007770326953127,7.00971923718247,-9.43240676219723,1.0113886626685624,-0.25922836747111155
10.260023649321425,-10.076449434368456,13.637584311548173,-0.6743134416018537,-5.367555552925195,-66.74733802223024
-16.59354724130106,3.728135196170572,3.3341140639446682,-12.677740897698316,-23.314954554573152,1.684916978975103
-4.233349408849235,-14.951090211250577,-19.480589696636617,-0.2614404770563158,-3.2172225794796927,-8.655079158942602
-8.824000761037707,-10.411423843993965,3.055056243467629,1.5372621508998339,12.014338233856922,-41.07202318573731
-1.7293614453007498,-19.94163887522633,-7.059616456563217,-9.838828231840989,-1.7644953393215,-30.75197593804305
-13.680479452282917,-13.892152356465147,-12.673848071304395,-3.2711179532223196,6.292941843005041,-80.01776600022873
-4.486450394784866,-3.8816900869075415,13.877051222775012,12.961868513281969,-1.4206062170805849,-26.194488765112652
-8.506685869483535,6.790576565220471,0.03437738187446366,13.397909080037685,3.0313521639927714,21.455379819578578
-6.777986618003981,-6.590852457555046,8.662605692346846,-4.183966877503163,-8.422578213488954,-20.96345756080915
18.007025605002397,-11.334985886355323,-13.02173920485329,4.380884949851497,-4.7971543803078465,4.882616322195805
3.325890935864799,-3.2829998071089794,1.429379931719953,-0.5456275643256981,-5.832489327316395,1.2135711417600836
7.543195493668592,-2.9352309841678244,1.0477757468130315,4.7242788000132565,-6.772013661586545,-16.408421458110826
-0.42027441465312754,10.141136801123062,-0.811316325937415,4.661739057501376,-1.8061185002733038,48.52620376544616
4.358154254970828,-5.328549596911319,0.24625009419558228,9.173908345730228,13.393085013943477,12.343870924120555
-1.7037668933457133,-0.6832912382499723,-0.8508947606028551,7.615377200837648,-18.9844024699769,-55.98758263504689
12.521903211219028,-12.265955933191147,-4.6316841365773005,9.60362484066467,-0.11600304876539883,-3.4524857932286492
0.44422677971884095,1.695153386115914,2.8582007806733998,-2.4132728587279346,-1.4329290550347593,-15.13145502310666
11.579031136408268,10.951782147289945,22.904006480710272,14.964569512170725,6.833116538493447,1.5009066064813812
8.495070545596716,5.809123158371082,1.7572546998893288,-12.399081627152748,3.2598519671246438,23.43323321141991
-6.7024220090121,4.795637465073256,9.34206110657246,-15.40872277393775,8.7499043815953,0.7459772718512827
-1.990800322333295,9.198726569833479,8.290233772834657,-9.272849136113322,-4.17055972560412,21.97398471498794
4.529321187127273,-14.27776219878081,-1.556426367733712,14.148365140217606,9.355696408109761,-32.768470546073566
15.805472792311686,-5.524480624954688,-7.210259044806026,4.824290935473474,-5.688999451175763,4.902859273045541
-11.909939572577773,13.165157419177575,9.911714358846096,-1.893309956679703,5.076917338637856,1.2832164990766053
16.269784216705716,-7.592951959129952,14.224775388247506,-10.678216419428901,-11.318805709727064,-62.31843141362154
1.8326103860339402,-4.779734697193579,-0.8979923478123761,-2.4155295225487157,9.560858861887715,-40.37784522024938
-4.237942084357357,-12.495567424551329,-1.076349031215477,24.025896115851534,-11.43438778877937,-12.968513416264507
1.589154538275035,-12.718040075048267,-15.488988399402412,-6.19423017636989,8.41004471163968,-26.65440434831969
13.741082098621234,1.0004036610637448,-1.5446305062195378,5.158068072734991,-5.975635799963346,54.93668102919119
-1.1688063339294152,7.162681290366002,-15.897266668302198,-5.817796262098377,-1.810848558979291,34.5064362538816
4.555082967909917,-16.178270218511205,-18.16464255810015,-20.66875117236006,-8.082541519876134,8.403078384819986
7.264939102885871,4.509563736754078,8.874016639338459,-1.6895614409000843,-1.628733026950975,31.181229131817716
-1.3702796881586359,-4.804667957805221,25.352904213345884,3.8532126432210294,-8.603023942858615,-72.2087938311926
-2.1281195088705473,9.080618134659295,-19.300546892930797,-2.6517232558539057,11.115010206027893,70.36646435043477
6.054212010988963,-4.54346123577981,8.66107796004531,-1.0568305242972207,-9.795041922140383,-18.750720178625226
-2.0072757772744003,13.24337831620748,4.508223958487672,-0.23036582141423395,-15.127217852895143,32.51514190510092
-3.4705097285206628,7.864763679518224,9.042051701031326,-16.650754259935994,-10.600116208699543,-11.193748625405647
-2.560185327896536,-3.7028112466803993,6.295783143100946,-15.620299603823478,-7.098096465079488,-54.94381151382558
8.282594020606524,9.194273483760965,-14.532952626767715,6.0815830143274745,-14.170208736773713,70.81326479523753
6.055462114365985,6.942156731004598,1.695664634386678,-9.759365495512428,-19.86060250586504,30.451878949181886
14.335565660580517,-14.689067291756729,-6.6962298359854415,-2.689082240210581,0.3243929512770847,-24.878232053891022
5.32059526582084,4.286030083019164,2.124593297975995,-2.053697134792139,-9.09082604472928,40.219232406993186
9.927688074685316,3.8445632274563755,7.114156679284847,-2.1932023138422805,7.268309464379861,3.303956709679932
-24.43507547372181,10.781288062025038,-1.9982900547744407,-4.574322259868616,-5.3373307655540465,30.657277360191195
-6.385456765729569,0.16690313877918989,2.2070497521000676,16.07196003424853,0.3557238496307347,9.63829589291877
-11.63328727099196,22.610877907558034,-0.4227995059361727,-1.5811493722203307,-5.363728680501492,27.426365110575993
-13.999721731674766,12.226738235105506,-11.930109778856776,10.081553540287329,-2.8585806456825793,67.03049854088586
5.80820177570301,-3.0506047418617084,3.230207497627417,-0.09675586234168931,0.3380565873219462,-52.40906881105554
12.532848804296176,0.14433384830163454,-10.932652239214672,-15.95624699503164,-5.692048854806578,43.231198804910505
6.44122684241675,6.03648585190496,7.967854069962707,4.120415198010346,3.872889734494247,-0.8498883210982502
-7.5047080177702,5.703369838520295,14.983223690930604,-1.2567090397035618,6.587269304457149,-11.166278718565213
-5.736498101108687,10.500736344640302,6.668346968178799,1.3121225018649731,-9.424727958239881,38.412626666996005
3.524832956318003,16.568603404355606,1.2788248995860574,22.934131376396543,-12.735882952892371,63.08469398389051
-7.437640775766392,-6.919866411352206,0.16783026956985098,9.3267978472213,-5.275659163436108,-13.6914784606491
0.21115985150653022,5.766660521753377,1.434461111023342,0.774403498065035,-0.6366124415795194,39.12138254732866
14.371998056961408,-7.839528191894567,15.535431097300478,-5.817453875328681,6.715782413007712,-42.807262423898244
5.71821202683399,0.025210517857122257,0.5776620274927433,4.612883512940357,-1.9718795042395758,19.80687568306096
-6.2046423335919005,11.340661749656842,-3.0088176538097438,0.6159919901084497,-1.9635097090898412,40.948401442322016
